{"cameraMode":{"drawMode":0,"name":"Shaded","section":"Shading Mode"},"sceneLighting":true,"audioPlay":false,"sceneViewState":{"showFog":true,"showMaterialUpdate":false,"showSkybox":true,"showFlares":true,"showImageEffects":true,"showParticleSystems":true},"in2DMode":false,"pivot":{"x":0.3077704906463623,"y":-0.7175511717796326,"z":11.93552017211914},"rotation":{"x":-0.04079499840736389,"y":0.012586506083607674,"z":-0.0005138390697538853,"w":-0.9990941286087036},"size":6.840371131896973,"orthographic":false}